baseline,db_id,n,executable,ex,ex_rate
DIN-SQL,battle_death,28,28,8,0.2857142857142857
DIN-SQL,car_1,134,127,34,0.2537313432835821
DIN-SQL,concert_singer,59,59,27,0.4576271186440678
DIN-SQL,course_teach,38,36,19,0.5
DIN-SQL,cre_Doc_Template_Mgt,117,113,44,0.37606837606837606
DIN-SQL,dog_kennels,89,86,31,0.34831460674157305
DIN-SQL,employee_hire_evaluation,29,29,17,0.5862068965517241
DIN-SQL,flight_2,93,92,50,0.5376344086021505
DIN-SQL,museum_visit,43,42,22,0.5116279069767442
DIN-SQL,network_1,66,61,16,0.24242424242424243
DIN-SQL,orchestra,45,44,23,0.5111111111111111
DIN-SQL,pets_1,56,54,14,0.25
DIN-SQL,poker_player,46,46,17,0.3695652173913043
DIN-SQL,real_estate_properties,6,6,5,0.8333333333333334
DIN-SQL,singer,19,19,12,0.631578947368421
DIN-SQL,student_transcripts_tracking,51,48,6,0.11764705882352941
DIN-SQL,tvshow,47,47,25,0.5319148936170213
DIN-SQL,voter_1,46,46,20,0.43478260869565216
DIN-SQL,world_1,132,130,29,0.2196969696969697
DIN-SQL,wta_1,59,51,15,0.2542372881355932
MAC-SQL,battle_death,28,28,11,0.39285714285714285
MAC-SQL,car_1,134,134,35,0.26119402985074625
MAC-SQL,concert_singer,59,59,29,0.4915254237288136
MAC-SQL,course_teach,38,38,15,0.39473684210526316
MAC-SQL,cre_Doc_Template_Mgt,117,117,45,0.38461538461538464
MAC-SQL,dog_kennels,89,89,34,0.38202247191011235
MAC-SQL,employee_hire_evaluation,29,29,17,0.5862068965517241
MAC-SQL,flight_2,93,93,49,0.5268817204301075
MAC-SQL,museum_visit,43,43,25,0.5813953488372093
MAC-SQL,network_1,66,66,23,0.3484848484848485
MAC-SQL,orchestra,45,45,26,0.5777777777777777
MAC-SQL,pets_1,56,56,16,0.2857142857142857
MAC-SQL,poker_player,46,46,12,0.2608695652173913
MAC-SQL,real_estate_properties,6,6,1,0.16666666666666666
MAC-SQL,singer,19,19,11,0.5789473684210527
MAC-SQL,student_transcripts_tracking,51,51,8,0.1568627450980392
MAC-SQL,tvshow,47,47,32,0.6808510638297872
MAC-SQL,voter_1,46,46,12,0.2608695652173913
MAC-SQL,world_1,132,132,31,0.23484848484848486
MAC-SQL,wta_1,59,55,18,0.3050847457627119
